,dataset,model,trial,train_accuracy,train_precision,train_recall,train_specificity,train_f1,train_roc_auc,train_log_loss,test_accuracy,test_precision,test_recall,test_specificity,test_f1,test_roc_auc,test_log_loss
0,chess,tree,1,0.7044,0.5903426791277259,0.8988627132412672,0.48187549251379036,0.7011702653700346,0.7052378181455043,14.541121672823484,0.6518793996546686,0.5896770173434417,0.8838042180660565,0.47453118765793323,0.6889811073495687,0.6518216282997871,14.645669561943661
1,chess,tree,2,0.6898,0.7548493602971523,0.8135797509039775,0.7407407407407407,0.6673257538309441,0.6895361494198528,14.976075333674368,0.6468986585203879,0.6249825345815285,0.8055111821086262,0.615425390935595,0.6623248686514887,0.6467791475330433,15.150055998313974
2,chess,tree,avg,0.6971,0.6725960197124391,0.8562212320726224,0.6113081166272656,0.6842480096004893,0.6973869837826785,14.758598503248926,0.6493890290875282,0.6073297759624852,0.8446577000873413,0.5449782892967641,0.6756529880005286,0.6493003879164152,14.897862780128818
