,dataset,model,trial,train_accuracy,train_precision,train_recall,train_specificity,train_f1,train_roc_auc,train_log_loss,test_accuracy,test_precision,test_recall,test_specificity,test_f1,test_roc_auc,test_log_loss
0,chess,svm,1,0.6782,0.6866197183098591,0.7294882209585702,1.0,0.690636416073832,0.6789679087456366,17.006893496854023,0.6698764776198698,0.7035406698564594,0.7179997347128266,1.0,0.6853199974678736,0.6698124754159958,17.292325358031054
1,chess,svm,2,0.6764,0.9411764705882353,0.7320208919244676,1.0,0.680667320902846,0.6764183754597489,17.193402889386537,0.6638331783769424,0.9,0.7096645367412141,1.0,0.6765256700032289,0.6638527574010392,17.23039502447663
2,chess,svm,avg,0.6773,0.8138980944490473,0.730754556441519,1.0,0.685651868488339,0.6776931421026928,17.10014819312028,0.6668548279984061,0.8017703349282297,0.7138321357270203,1.0,0.6809228337355513,0.6668326164085174,17.261360191253843
