,dataset,model,trial,train_accuracy,train_precision,train_recall,train_specificity,train_f1,train_roc_auc,train_log_loss,test_accuracy,test_precision,test_recall,test_specificity,test_f1,test_roc_auc,test_log_loss
0,shrooms,tree,1,1.0,1.0,1.0,1.0,1.0,1.0,1.554272284003094,1.0,1.0,1.0,1.0,1.0,1.0,1.6252540598435359
1,shrooms,tree,2,0.9994,1.0,0.99875,1.0,0.9993746091307067,0.999375,1.5749974688738733,0.9983994878361075,1.0,0.9967018469656992,1.0,0.9983481995374959,0.9983509234828496,1.5920831493589347
2,shrooms,tree,avg,0.9997,1.0,0.999375,1.0,0.9996873045653534,0.9996875000000001,1.5646348764384836,0.9991997439180538,1.0,0.9983509234828496,1.0,0.9991740997687479,0.9991754617414248,1.6086686046012353
